account_id,nickname,source_keywords,note_count,first_seen_at,last_seen_at
62f2529b000000001f01627f,菜鸡罢了,留学辅导,1,2026-06-24T00:22:49.982553+00:00,2026-06-24T00:22:49.982553+00:00
668535e70000000003032b7a,爱吃吃的的Sarah,留学辅导,1,2026-06-24T00:22:49.982553+00:00,2026-06-24T00:22:49.982553+00:00
638ea9d7000000001f01d7f7,路觅留学生课程辅导,留学辅导|essay辅导,2,2026-06-24T00:22:49.982553+00:00,2026-06-24T00:22:49.982553+00:00
67e571cf000000000e0133f9,ari大小姐,留学辅导,1,2026-06-24T00:22:49.982553+00:00,2026-06-24T00:22:49.982553+00:00
69114145000000003700a77f,Luckyovoy.,留学辅导,1,2026-06-24T00:22:49.982553+00:00,2026-06-24T00:22:49.982553+00:00
5e9d37f20000000001004cec,Gu-ard-ian,留学辅导,1,2026-06-24T00:22:49.982553+00:00,2026-06-24T00:22:49.982553+00:00
5c751d740000000011007314,Vickyy,留学辅导,1,2026-06-24T00:22:49.982553+00:00,2026-06-24T00:22:49.982553+00:00
66379aec000000000b031810,Amy在摸鱼,留学辅导,1,2026-06-24T00:22:49.982553+00:00,2026-06-24T00:22:49.982553+00:00
5c0cb7120000000007036c84,7ixxo,留学辅导,1,2026-06-24T00:22:49.982553+00:00,2026-06-24T00:22:49.982553+00:00
64ea31850000000001007640,甄靠谱留学辅导,留学辅导,1,2026-06-24T00:22:49.982553+00:00,2026-06-24T00:22:49.982553+00:00
6048cffa000000000101c5e7,Triston,留学辅导,1,2026-06-24T00:22:49.982553+00:00,2026-06-24T00:22:49.982553+00:00
5b3a41536b58b7598a17a954,NaNa7,留学辅导|essay辅导,1,2026-06-24T00:22:49.982553+00:00,2026-06-24T00:22:49.982553+00:00
5e4791990000000001007442,Anya_c,留学辅导,1,2026-06-24T00:22:49.982553+00:00,2026-06-24T00:22:49.982553+00:00
5ffa8a1e0000000001009e25,Yayayayaya,留学辅导,1,2026-06-24T00:22:49.982553+00:00,2026-06-24T00:22:49.982553+00:00
5de0a77f0000000001002494,嗡嗡翁,留学辅导,1,2026-06-24T00:22:49.982553+00:00,2026-06-24T00:22:49.982553+00:00
66bf379a000000001d0331c6,Palhiachen,留学辅导,1,2026-06-24T00:22:49.982553+00:00,2026-06-24T00:22:49.982553+00:00
5dfd6614000000000100ad3e,卡卡,留学辅导,1,2026-06-24T00:22:49.982553+00:00,2026-06-24T00:22:49.982553+00:00
69aa73000000000032024d30,小歪yoo_,留学辅导,1,2026-06-24T00:22:49.982553+00:00,2026-06-24T00:22:49.982553+00:00
667f9c710000000007007263,飞鱼鸟Hua,留学辅导,1,2026-06-24T00:22:49.982553+00:00,2026-06-24T00:22:49.982553+00:00
63f2e0c0000000001001ed9b,万能班长赶due小组（辅导版,留学辅导,1,2026-06-24T00:22:49.982553+00:00,2026-06-24T00:22:49.982553+00:00
5c0155b16b58b752fb836798,薛定谔的糖葫芦,essay辅导,1,2026-06-24T00:22:49.982553+00:00,2026-06-24T00:22:49.982553+00:00
58763af27fc5b80ce60b85d1,安迪卓的经济课堂,essay辅导,1,2026-06-24T00:22:49.982553+00:00,2026-06-24T00:22:49.982553+00:00
659f4baf000000002200355a,猫猫呀,essay辅导,1,2026-06-24T00:22:49.982553+00:00,2026-06-24T00:22:49.982553+00:00
6766c6ab0000000014033bb0,UCL的喵喵学姐,essay辅导,1,2026-06-24T00:22:49.982553+00:00,2026-06-24T00:22:49.982553+00:00
66961a41000000000f035788,小不列颠女王（学习版）,essay辅导,1,2026-06-24T00:22:49.982553+00:00,2026-06-24T00:22:49.982553+00:00
675908cb000000001d02c1ed,Alexander,essay辅导,1,2026-06-24T00:22:49.982553+00:00,2026-06-24T00:22:49.982553+00:00
5b8bb00d9d3e8500011e8465,橘子快乐水,essay辅导,1,2026-06-24T00:22:49.982553+00:00,2026-06-24T00:22:49.982553+00:00
67565972000000001c019ca9,布点卜卜,essay辅导,1,2026-06-24T00:22:49.982553+00:00,2026-06-24T00:22:49.982553+00:00
69154057000000003702f5e6,小A,essay辅导,1,2026-06-24T00:22:49.982553+00:00,2026-06-24T00:22:49.982553+00:00
67421e01000000001c01a2cb,小红薯67422B4D,essay辅导,1,2026-06-24T00:22:49.982553+00:00,2026-06-24T00:22:49.982553+00:00
6842a15b000000001d01409c,小红薯685D4471,essay辅导,1,2026-06-24T00:22:49.982553+00:00,2026-06-24T00:22:49.982553+00:00
6680e6e600000000030318c2,流心柿子🍅,essay辅导,1,2026-06-24T00:22:49.982553+00:00,2026-06-24T00:22:49.982553+00:00
67da553c000000000e0127ee,魔幻椰子水,essay辅导,1,2026-06-24T00:22:49.982553+00:00,2026-06-24T00:22:49.982553+00:00
69fc30a40000000002002405,梅雨季,essay辅导,1,2026-06-24T00:22:49.982553+00:00,2026-06-24T00:22:49.982553+00:00
6805b2b4000000000e01cf59,Blue Cat,essay辅导,1,2026-06-24T00:22:49.982553+00:00,2026-06-24T00:22:49.982553+00:00
6832ff41000000000e0100c9,Cindy,essay辅导,1,2026-06-24T00:22:49.982553+00:00,2026-06-24T00:22:49.982553+00:00
67a9c26e000000000e010a67,蜡笔小心眼子,essay辅导,1,2026-06-24T00:22:49.982553+00:00,2026-06-24T00:22:49.982553+00:00
6808780c000000000d00950d,Anna留学辅导,essay辅导,1,2026-06-24T00:22:49.982553+00:00,2026-06-24T00:22:49.982553+00:00
